product_id,name,price
1,Nail Clippers,44.19
2,Gourmet Pet Treats,75.85
3,Flea and Tick Collar,56.73
4,Hypoallergenic Wipes,46.59
5,Durable Chew Toy,70.63
6,Dental Sticks,64.43
7,Organic Pet Shampoo,44.04
8,Soft Pet Bed,24.06
